id,merchant_id,driver_id,vehicle_id,status,pickup_time,dropoff_time,weight
1,1,,,pending,2025-11-19T17:43:00,2025-11-19T19:34:00,85.36
2,4,,,pending,2025-11-16T17:44:00,2025-11-16T21:31:00,129.18
3,2,,,pending,2025-11-19T18:38:00,2025-11-19T22:19:00,33.0
4,10,,,pending,2025-11-15T13:34:00,2025-11-15T15:38:00,135.69
5,2,,,pending,2025-11-23T18:21:00,2025-11-23T18:39:00,171.42
6,8,,,pending,2025-11-16T14:23:00,2025-11-16T17:20:00,179.4
7,8,,,pending,2025-11-17T14:11:00,2025-11-17T17:33:00,109.13
8,5,,,pending,2025-11-24T19:00:00,2025-11-24T21:32:00,157.18
9,8,,,pending,2025-11-21T19:37:00,2025-11-21T21:00:00,71.24
10,4,,,pending,2025-11-16T12:56:00,2025-11-16T15:06:00,56.33
11,8,,,pending,2025-11-24T17:42:00,2025-11-24T19:34:00,73.92
12,8,,,pending,2025-11-20T10:31:00,2025-11-20T11:40:00,77.42
13,5,,,pending,2025-11-20T12:56:00,2025-11-20T15:43:00,143.22
14,5,,,pending,2025-11-23T08:33:00,2025-11-23T09:36:00,26.27
15,7,,,pending,2025-11-22T16:48:00,2025-11-22T18:04:00,141.22
16,8,,,pending,2025-11-22T19:00:00,2025-11-22T19:38:00,65.9
17,7,,,pending,2025-11-18T12:42:00,2025-11-18T15:25:00,80.11
18,9,,,pending,2025-11-23T13:27:00,2025-11-23T16:52:00,114.57
19,6,,,pending,2025-11-22T12:19:00,2025-11-22T13:38:00,53.8
20,4,,,pending,2025-11-20T09:47:00,2025-11-20T12:19:00,190.67
21,3,,,pending,2025-11-18T11:47:00,2025-11-18T14:05:00,62.53
22,10,,,pending,2025-11-23T17:18:00,2025-11-23T17:58:00,168.2
23,5,,,pending,2025-11-18T13:11:00,2025-11-18T14:43:00,12.69
24,9,,,pending,2025-11-17T12:02:00,2025-11-17T12:30:00,115.14
25,3,,,pending,2025-11-22T09:55:00,2025-11-22T10:13:00,119.07
26,8,,,pending,2025-11-22T15:21:00,2025-11-22T16:23:00,193.44
27,5,,,pending,2025-11-22T09:52:00,2025-11-22T10:23:00,86.13
28,2,,,pending,2025-11-24T18:43:00,2025-11-24T19:11:00,38.83
29,10,,,pending,2025-11-19T09:15:00,2025-11-19T10:00:00,116.03
30,7,,,pending,2025-11-24T17:50:00,2025-11-24T20:43:00,52.88
31,9,,,pending,2025-11-21T15:58:00,2025-11-21T18:06:00,66.5
32,10,,,pending,2025-11-21T12:36:00,2025-11-21T15:29:00,21.44
33,2,,,pending,2025-11-18T18:13:00,2025-11-18T19:35:00,135.48
34,3,,,pending,2025-11-18T10:35:00,2025-11-18T11:09:00,39.74
35,7,,,pending,2025-11-22T19:38:00,2025-11-22T21:53:00,65.34
36,4,,,pending,2025-11-19T19:18:00,2025-11-19T22:32:00,173.33
37,2,,,pending,2025-11-18T12:50:00,2025-11-18T16:27:00,128.76
38,4,,,pending,2025-11-21T09:34:00,2025-11-21T10:46:00,133.05
39,5,,,pending,2025-11-17T09:03:00,2025-11-17T10:00:00,160.6
40,10,,,pending,2025-11-24T12:28:00,2025-11-24T13:14:00,99.05
41,5,,,pending,2025-11-21T12:32:00,2025-11-21T15:05:00,103.82
42,2,,,pending,2025-11-24T08:56:00,2025-11-24T11:01:00,149.56
43,10,,,pending,2025-11-19T08:05:00,2025-11-19T09:18:00,192.76
44,10,,,pending,2025-11-24T08:48:00,2025-11-24T11:55:00,166.07
45,10,,,pending,2025-11-15T19:00:00,2025-11-15T19:59:00,99.4
46,8,,,pending,2025-11-19T10:37:00,2025-11-19T12:43:00,130.61
47,8,,,pending,2025-11-16T15:22:00,2025-11-16T17:21:00,73.33
48,2,,,pending,2025-11-17T13:26:00,2025-11-17T16:38:00,104.14
49,7,,,pending,2025-11-23T08:29:00,2025-11-23T09:06:00,69.76
50,6,,,pending,2025-11-16T19:00:00,2025-11-16T22:56:00,107.77
51,1,,,pending,2025-11-23T15:26:00,2025-11-23T15:54:00,45.64
52,6,,,pending,2025-11-24T19:00:00,2025-11-24T21:55:00,93.99
53,1,,,pending,2025-11-18T12:35:00,2025-11-18T13:23:00,186.26
54,8,,,pending,2025-11-22T09:01:00,2025-11-22T11:57:00,125.69
55,4,,,pending,2025-11-17T12:35:00,2025-11-17T12:53:00,114.93
56,2,,,pending,2025-11-18T09:29:00,2025-11-18T10:14:00,133.06
57,3,,,pending,2025-11-22T19:18:00,2025-11-22T21:43:00,144.03
58,7,,,pending,2025-11-22T15:15:00,2025-11-22T17:26:00,114.74
59,7,,,pending,2025-11-18T17:32:00,2025-11-18T20:58:00,177.07
60,2,,,pending,2025-11-19T19:00:00,2025-11-19T22:53:00,88.84
61,9,,,pending,2025-11-19T08:18:00,2025-11-19T11:38:00,66.73
62,10,,,pending,2025-11-24T18:31:00,2025-11-24T22:27:00,38.23
63,9,,,pending,2025-11-22T13:21:00,2025-11-22T15:57:00,154.95
64,7,,,pending,2025-11-22T13:55:00,2025-11-22T14:58:00,196.35
65,4,,,pending,2025-11-24T14:14:00,2025-11-24T18:08:00,157.35
66,1,,,pending,2025-11-20T19:30:00,2025-11-20T22:45:00,183.55
67,7,,,pending,2025-11-21T18:50:00,2025-11-21T22:35:00,133.88
68,3,,,pending,2025-11-22T08:08:00,2025-11-22T10:31:00,193.42
69,6,,,pending,2025-11-16T15:06:00,2025-11-16T17:35:00,182.98
70,1,,,pending,2025-11-17T14:55:00,2025-11-17T17:57:00,194.29
71,2,,,pending,2025-11-22T19:00:00,2025-11-22T20:41:00,128.42
72,7,,,pending,2025-11-16T13:54:00,2025-11-16T17:01:00,173.28
73,7,,,pending,2025-11-20T18:45:00,2025-11-20T22:14:00,102.71
74,9,,,pending,2025-11-15T17:04:00,2025-11-15T18:19:00,129.92
75,5,,,pending,2025-11-18T19:05:00,2025-11-18T21:11:00,195.88
76,2,,,pending,2025-11-22T10:44:00,2025-11-22T12:15:00,181.65
77,1,,,pending,2025-11-20T19:00:00,2025-11-20T20:30:00,78.11
78,7,,,pending,2025-11-17T11:33:00,2025-11-17T13:33:00,117.53
79,3,,,pending,2025-11-17T10:05:00,2025-11-17T12:56:00,175.46
80,10,,,pending,2025-11-18T15:58:00,2025-11-18T18:42:00,37.19
81,8,,,pending,2025-11-19T15:16:00,2025-11-19T18:21:00,11.79
82,8,,,pending,2025-11-19T18:34:00,2025-11-19T19:29:00,24.03
83,6,,,pending,2025-11-24T12:40:00,2025-11-24T14:43:00,141.16
84,8,,,pending,2025-11-19T11:24:00,2025-11-19T15:17:00,101.81
85,4,,,pending,2025-11-21T17:22:00,2025-11-21T20:04:00,66.22
86,5,,,pending,2025-11-15T18:25:00,2025-11-15T19:50:00,11.54
87,1,,,pending,2025-11-24T19:31:00,2025-11-24T23:19:00,181.79
88,5,,,pending,2025-11-18T17:51:00,2025-11-18T19:36:00,51.61
89,4,,,pending,2025-11-24T12:43:00,2025-11-24T16:11:00,146.98
90,3,,,pending,2025-11-16T18:41:00,2025-11-16T19:06:00,68.7
91,8,,,pending,2025-11-15T17:23:00,2025-11-15T20:45:00,34.97
92,5,,,pending,2025-11-20T19:26:00,2025-11-20T20:25:00,48.15
93,9,,,pending,2025-11-20T16:32:00,2025-11-20T17:56:00,167.79
94,5,,,pending,2025-11-22T19:00:00,2025-11-22T22:26:00,175.38
95,2,,,pending,2025-11-22T09:09:00,2025-11-22T12:37:00,193.64
96,7,,,pending,2025-11-23T13:05:00,2025-11-23T16:42:00,84.97
97,5,,,pending,2025-11-23T09:29:00,2025-11-23T11:18:00,137.84
98,5,,,pending,2025-11-24T14:52:00,2025-11-24T17:50:00,188.66
99,2,,,pending,2025-11-18T15:01:00,2025-11-18T17:54:00,178.0
100,9,,,pending,2025-11-20T17:14:00,2025-11-20T20:14:00,22.01
101,8,,,pending,2025-11-19T18:26:00,2025-11-19T19:10:00,36.56
102,1,,,pending,2025-11-19T15:07:00,2025-11-19T15:46:00,54.61
103,9,,,pending,2025-11-17T14:29:00,2025-11-17T16:18:00,137.39
104,9,,,pending,2025-11-21T17:47:00,2025-11-21T21:08:00,39.36
105,7,,,pending,2025-11-16T15:39:00,2025-11-16T17:38:00,188.42
106,5,,,pending,2025-11-15T19:23:00,2025-11-15T20:33:00,94.24
107,4,,,pending,2025-11-20T09:43:00,2025-11-20T11:32:00,113.45
108,6,,,pending,2025-11-15T14:17:00,2025-11-15T15:20:00,193.96
109,8,,,pending,2025-11-16T18:13:00,2025-11-16T21:12:00,131.5
110,1,,,pending,2025-11-15T19:00:00,2025-11-15T20:17:00,197.88
111,10,,,pending,2025-11-18T09:53:00,2025-11-18T13:23:00,115.3
112,10,,,pending,2025-11-18T11:21:00,2025-11-18T14:54:00,38.04
113,10,,,pending,2025-11-15T12:54:00,2025-11-15T13:46:00,197.63
114,9,,,pending,2025-11-19T19:00:00,2025-11-19T19:43:00,135.6
115,1,,,pending,2025-11-17T08:22:00,2025-11-17T11:59:00,159.8
116,10,,,pending,2025-11-20T08:11:00,2025-11-20T09:33:00,19.96
117,7,,,pending,2025-11-23T09:47:00,2025-11-23T10:18:00,100.49
118,6,,,pending,2025-11-23T17:06:00,2025-11-23T19:16:00,105.73
119,10,,,pending,2025-11-15T19:50:00,2025-11-15T23:46:00,135.19
120,5,,,pending,2025-11-22T18:01:00,2025-11-22T18:31:00,199.73
121,7,,,pending,2025-11-21T18:06:00,2025-11-21T20:26:00,145.36
122,8,,,pending,2025-11-16T09:20:00,2025-11-16T12:10:00,38.18
123,3,,,pending,2025-11-19T17:40:00,2025-11-19T20:24:00,114.19
124,6,,,pending,2025-11-21T17:33:00,2025-11-21T19:03:00,96.21
125,10,,,pending,2025-11-21T09:50:00,2025-11-21T13:04:00,31.74
126,9,,,pending,2025-11-18T14:28:00,2025-11-18T15:41:00,88.62
127,8,,,pending,2025-11-21T14:46:00,2025-11-21T15:25:00,69.38
128,6,,,pending,2025-11-19T13:09:00,2025-11-19T16:19:00,185.37
129,2,,,pending,2025-11-16T09:05:00,2025-11-16T11:10:00,28.35
130,6,,,pending,2025-11-17T16:03:00,2025-11-17T18:48:00,191.76
131,9,,,pending,2025-11-20T18:07:00,2025-11-20T20:07:00,77.18
132,7,,,pending,2025-11-15T12:38:00,2025-11-15T14:12:00,76.81
133,10,,,pending,2025-11-23T11:09:00,2025-11-23T14:12:00,101.62
134,2,,,pending,2025-11-20T16:23:00,2025-11-20T17:07:00,154.9
135,10,,,pending,2025-11-18T19:00:00,2025-11-18T22:51:00,116.58
136,10,,,pending,2025-11-24T18:41:00,2025-11-24T21:18:00,14.99
137,5,,,pending,2025-11-15T10:17:00,2025-11-15T13:31:00,154.86
138,6,,,pending,2025-11-20T08:11:00,2025-11-20T12:08:00,37.22
139,7,,,pending,2025-11-16T10:47:00,2025-11-16T13:44:00,194.64
140,2,,,pending,2025-11-23T11:24:00,2025-11-23T13:26:00,96.19
141,3,,,pending,2025-11-20T12:46:00,2025-11-20T14:24:00,157.6
142,10,,,pending,2025-11-24T09:56:00,2025-11-24T10:24:00,39.56
143,10,,,pending,2025-11-15T18:05:00,2025-11-15T19:29:00,94.19
144,7,,,pending,2025-11-22T17:28:00,2025-11-22T19:29:00,61.9
145,9,,,pending,2025-11-16T13:27:00,2025-11-16T14:10:00,63.82
146,10,,,pending,2025-11-22T16:42:00,2025-11-22T18:15:00,18.63
147,7,,,pending,2025-11-24T08:00:00,2025-11-24T09:07:00,67.27
148,4,,,pending,2025-11-17T19:00:00,2025-11-17T20:29:00,72.34
149,1,,,pending,2025-11-22T19:27:00,2025-11-22T20:26:00,34.55
150,9,,,pending,2025-11-18T16:35:00,2025-11-18T20:23:00,136.93
151,6,,,pending,2025-11-16T14:55:00,2025-11-16T18:19:00,18.04
152,1,,,pending,2025-11-22T09:55:00,2025-11-22T11:30:00,119.39
153,10,,,pending,2025-11-21T19:40:00,2025-11-21T21:41:00,65.01
154,7,,,pending,2025-11-15T13:10:00,2025-11-15T16:50:00,190.05
155,8,,,pending,2025-11-20T09:27:00,2025-11-20T13:18:00,30.11
156,7,,,pending,2025-11-24T14:33:00,2025-11-24T15:08:00,85.2
157,5,,,pending,2025-11-20T11:21:00,2025-11-20T14:55:00,41.95
158,9,,,pending,2025-11-16T16:32:00,2025-11-16T17:36:00,182.13
159,6,,,pending,2025-11-20T19:52:00,2025-11-20T22:52:00,164.86
160,4,,,pending,2025-11-16T10:16:00,2025-11-16T11:21:00,42.96
161,3,,,pending,2025-11-16T10:49:00,2025-11-16T13:44:00,103.88
162,10,,,pending,2025-11-24T15:43:00,2025-11-24T19:43:00,117.25
163,10,,,pending,2025-11-20T18:20:00,2025-11-20T19:13:00,93.55
164,8,,,pending,2025-11-22T18:19:00,2025-11-22T21:57:00,62.19
165,1,,,pending,2025-11-20T16:04:00,2025-11-20T17:38:00,97.73
166,1,,,pending,2025-11-15T13:53:00,2025-11-15T15:21:00,24.58
167,2,,,pending,2025-11-24T17:32:00,2025-11-24T19:25:00,97.92
168,9,,,pending,2025-11-15T15:58:00,2025-11-15T19:40:00,118.61
169,4,,,pending,2025-11-20T17:30:00,2025-11-20T19:53:00,38.66
170,1,,,pending,2025-11-22T09:51:00,2025-11-22T13:40:00,75.25
171,2,,,pending,2025-11-23T18:11:00,2025-11-23T18:36:00,57.07
172,8,,,pending,2025-11-22T16:33:00,2025-11-22T19:24:00,40.16
173,6,,,pending,2025-11-19T14:26:00,2025-11-19T17:59:00,74.29
174,10,,,pending,2025-11-15T19:00:00,2025-11-15T22:00:00,73.58
175,6,,,pending,2025-11-16T16:43:00,2025-11-16T18:36:00,63.99
176,10,,,pending,2025-11-17T13:05:00,2025-11-17T15:49:00,136.09
177,6,,,pending,2025-11-19T18:44:00,2025-11-19T21:48:00,84.47
178,10,,,pending,2025-11-16T12:35:00,2025-11-16T14:26:00,132.26
179,6,,,pending,2025-11-17T18:44:00,2025-11-17T22:31:00,189.95
180,9,,,pending,2025-11-16T18:42:00,2025-11-16T20:45:00,106.61
181,1,,,pending,2025-11-20T12:11:00,2025-11-20T13:20:00,74.93
182,8,,,pending,2025-11-18T11:08:00,2025-11-18T12:02:00,24.66
183,2,,,pending,2025-11-23T19:00:00,2025-11-23T22:48:00,150.34
184,9,,,pending,2025-11-15T18:21:00,2025-11-15T22:20:00,155.6
185,3,,,pending,2025-11-24T14:09:00,2025-11-24T15:05:00,44.36
186,10,,,pending,2025-11-17T19:28:00,2025-11-17T19:54:00,88.06
187,4,,,pending,2025-11-22T17:18:00,2025-11-22T20:45:00,152.22
188,8,,,pending,2025-11-18T16:15:00,2025-11-18T17:49:00,193.46
189,8,,,pending,2025-11-18T13:43:00,2025-11-18T16:24:00,197.04
190,8,,,pending,2025-11-19T19:00:00,2025-11-19T21:23:00,110.22
191,3,,,pending,2025-11-18T19:00:00,2025-11-18T19:50:00,175.87
192,1,,,pending,2025-11-22T13:35:00,2025-11-22T14:16:00,145.17
193,9,,,pending,2025-11-16T12:05:00,2025-11-16T15:35:00,40.46
194,8,,,pending,2025-11-23T10:53:00,2025-11-23T12:59:00,27.43
195,4,,,pending,2025-11-22T13:59:00,2025-11-22T14:20:00,88.83
196,7,,,pending,2025-11-23T13:15:00,2025-11-23T15:08:00,198.96
197,6,,,pending,2025-11-18T08:20:00,2025-11-18T09:00:00,169.44
198,6,,,pending,2025-11-17T10:02:00,2025-11-17T11:30:00,184.31
199,8,,,pending,2025-11-17T19:00:00,2025-11-17T21:15:00,95.23
200,1,,,pending,2025-11-16T08:16:00,2025-11-16T09:26:00,168.64
201,9,,,pending,2025-11-24T16:27:00,2025-11-24T17:10:00,157.47
202,4,,,pending,2025-11-19T09:03:00,2025-11-19T10:19:00,89.77
203,10,,,pending,2025-11-22T09:07:00,2025-11-22T12:56:00,181.98
204,10,,,pending,2025-11-23T08:40:00,2025-11-23T11:06:00,119.26
205,3,,,pending,2025-11-19T14:00:00,2025-11-19T16:52:00,77.04
206,10,,,pending,2025-11-21T10:42:00,2025-11-21T13:48:00,26.27
207,6,,,pending,2025-11-16T16:34:00,2025-11-16T18:58:00,159.42
208,9,,,pending,2025-11-23T08:24:00,2025-11-23T12:22:00,99.33
209,7,,,pending,2025-11-20T12:47:00,2025-11-20T13:06:00,77.85
210,2,,,pending,2025-11-20T11:46:00,2025-11-20T14:49:00,129.37
211,10,,,pending,2025-11-20T10:02:00,2025-11-20T11:47:00,113.74
212,3,,,pending,2025-11-22T19:30:00,2025-11-22T22:26:00,44.63
213,3,,,pending,2025-11-16T19:49:00,2025-11-16T22:01:00,17.03
214,4,,,pending,2025-11-15T19:00:00,2025-11-15T19:25:00,69.96
215,5,,,pending,2025-11-23T14:52:00,2025-11-23T17:26:00,99.95
216,1,,,pending,2025-11-18T12:22:00,2025-11-18T16:17:00,158.36
217,6,,,pending,2025-11-19T09:51:00,2025-11-19T11:40:00,93.02
218,7,,,pending,2025-11-22T14:21:00,2025-11-22T15:23:00,104.28
219,8,,,pending,2025-11-20T19:00:00,2025-11-20T20:23:00,162.22
220,7,,,pending,2025-11-16T14:38:00,2025-11-16T18:23:00,44.29
221,5,,,pending,2025-11-20T09:05:00,2025-11-20T10:43:00,135.57
222,5,,,pending,2025-11-22T17:45:00,2025-11-22T19:49:00,41.66
223,8,,,pending,2025-11-20T15:02:00,2025-11-20T18:23:00,175.31
224,6,,,pending,2025-11-24T14:17:00,2025-11-24T17:15:00,196.21
225,1,,,pending,2025-11-16T18:40:00,2025-11-16T20:38:00,79.03
226,3,,,pending,2025-11-15T10:54:00,2025-11-15T13:44:00,138.84
227,8,,,pending,2025-11-15T10:04:00,2025-11-15T11:19:00,157.92
228,6,,,pending,2025-11-20T14:36:00,2025-11-20T14:59:00,124.97
229,8,,,pending,2025-11-20T13:28:00,2025-11-20T16:58:00,24.61
230,3,,,pending,2025-11-23T13:25:00,2025-11-23T15:00:00,133.42
231,4,,,pending,2025-11-16T08:47:00,2025-11-16T09:49:00,104.82
232,7,,,pending,2025-11-23T09:16:00,2025-11-23T12:49:00,59.46
233,8,,,pending,2025-11-18T17:18:00,2025-11-18T20:30:00,184.13
234,8,,,pending,2025-11-18T09:08:00,2025-11-18T13:01:00,24.07
235,3,,,pending,2025-11-22T09:51:00,2025-11-22T13:00:00,193.84
236,6,,,pending,2025-11-20T19:04:00,2025-11-20T21:39:00,113.01
237,5,,,pending,2025-11-17T19:45:00,2025-11-17T22:59:00,131.16
238,6,,,pending,2025-11-23T11:07:00,2025-11-23T12:13:00,160.49
239,4,,,pending,2025-11-22T08:23:00,2025-11-22T10:59:00,118.73
240,8,,,pending,2025-11-23T10:39:00,2025-11-23T11:16:00,22.49
241,7,,,pending,2025-11-22T16:26:00,2025-11-22T19:57:00,87.79
242,10,,,pending,2025-11-16T10:20:00,2025-11-16T13:19:00,24.09
243,8,,,pending,2025-11-23T13:08:00,2025-11-23T17:07:00,167.52
244,9,,,pending,2025-11-24T10:49:00,2025-11-24T11:37:00,92.2
245,1,,,pending,2025-11-16T16:09:00,2025-11-16T17:41:00,41.28
246,6,,,pending,2025-11-18T13:33:00,2025-11-18T15:00:00,170.73
247,5,,,pending,2025-11-18T18:35:00,2025-11-18T20:00:00,33.78
248,5,,,pending,2025-11-24T16:05:00,2025-11-24T18:28:00,131.79
249,10,,,pending,2025-11-24T10:10:00,2025-11-24T13:13:00,128.65
250,10,,,pending,2025-11-20T17:02:00,2025-11-20T20:48:00,174.12
251,2,,,pending,2025-11-15T18:49:00,2025-11-15T21:31:00,60.28
252,4,,,pending,2025-11-24T14:39:00,2025-11-24T17:37:00,15.75
253,9,,,pending,2025-11-19T18:19:00,2025-11-19T20:37:00,56.53
254,7,,,pending,2025-11-19T15:04:00,2025-11-19T18:15:00,21.38
255,8,,,pending,2025-11-21T15:29:00,2025-11-21T16:36:00,74.64
256,3,,,pending,2025-11-20T19:20:00,2025-11-20T22:42:00,197.72
257,6,,,pending,2025-11-21T10:48:00,2025-11-21T12:37:00,107.85
258,2,,,pending,2025-11-20T11:29:00,2025-11-20T12:15:00,60.82
259,4,,,pending,2025-11-17T09:03:00,2025-11-17T10:32:00,189.62
260,10,,,pending,2025-11-21T11:55:00,2025-11-21T12:50:00,164.56
261,10,,,pending,2025-11-20T11:48:00,2025-11-20T12:43:00,104.67
262,9,,,pending,2025-11-22T15:56:00,2025-11-22T17:29:00,104.5
263,2,,,pending,2025-11-21T16:29:00,2025-11-21T17:45:00,50.88
264,6,,,pending,2025-11-15T08:18:00,2025-11-15T10:39:00,123.53
265,8,,,pending,2025-11-19T16:00:00,2025-11-19T19:51:00,30.42
266,3,,,pending,2025-11-19T19:23:00,2025-11-19T22:53:00,86.62
267,1,,,pending,2025-11-21T08:36:00,2025-11-21T11:14:00,46.98
268,9,,,pending,2025-11-19T09:24:00,2025-11-19T11:48:00,95.57
269,9,,,pending,2025-11-19T17:43:00,2025-11-19T20:34:00,32.57
270,2,,,pending,2025-11-21T13:50:00,2025-11-21T15:31:00,115.99
271,6,,,pending,2025-11-17T11:38:00,2025-11-17T14:03:00,86.26
272,1,,,pending,2025-11-15T08:08:00,2025-11-15T11:25:00,73.28
273,8,,,pending,2025-11-23T15:09:00,2025-11-23T17:59:00,179.7
274,3,,,pending,2025-11-20T17:20:00,2025-11-20T18:16:00,84.66
275,10,,,pending,2025-11-19T17:21:00,2025-11-19T19:45:00,167.37
276,9,,,pending,2025-11-22T19:36:00,2025-11-22T21:07:00,100.23
277,1,,,pending,2025-11-20T13:43:00,2025-11-20T14:26:00,196.18
278,10,,,pending,2025-11-19T19:00:00,2025-11-19T22:20:00,175.7
279,1,,,pending,2025-11-24T15:16:00,2025-11-24T18:18:00,158.75
280,10,,,pending,2025-11-24T11:46:00,2025-11-24T12:14:00,120.87
281,3,,,pending,2025-11-23T18:46:00,2025-11-23T21:39:00,157.18
282,7,,,pending,2025-11-17T18:15:00,2025-11-17T18:38:00,118.79
283,2,,,pending,2025-11-18T08:28:00,2025-11-18T10:03:00,89.57
284,7,,,pending,2025-11-18T14:32:00,2025-11-18T18:05:00,126.18
285,8,,,pending,2025-11-15T19:08:00,2025-11-15T21:35:00,49.39
286,6,,,pending,2025-11-22T16:24:00,2025-11-22T17:59:00,191.77
287,8,,,pending,2025-11-23T13:34:00,2025-11-23T15:19:00,138.42
288,5,,,pending,2025-11-24T15:12:00,2025-11-24T16:30:00,63.01
289,5,,,pending,2025-11-18T12:49:00,2025-11-18T14:17:00,143.93
290,8,,,pending,2025-11-20T15:22:00,2025-11-20T18:00:00,187.4
291,5,,,pending,2025-11-19T09:36:00,2025-11-19T12:44:00,113.21
292,7,,,pending,2025-11-20T19:00:00,2025-11-20T19:52:00,65.19
293,5,,,pending,2025-11-16T13:59:00,2025-11-16T16:07:00,134.63
294,8,,,pending,2025-11-18T11:52:00,2025-11-18T14:24:00,61.52
295,9,,,pending,2025-11-19T10:06:00,2025-11-19T12:58:00,150.77
296,4,,,pending,2025-11-18T08:42:00,2025-11-18T11:12:00,52.88
297,4,,,pending,2025-11-15T09:26:00,2025-11-15T11:05:00,146.3
298,2,,,pending,2025-11-17T08:35:00,2025-11-17T09:30:00,87.31
299,8,,,pending,2025-11-22T18:12:00,2025-11-22T21:40:00,193.14
300,6,,,pending,2025-11-19T18:03:00,2025-11-19T21:34:00,27.0
301,10,,,pending,2025-11-18T16:47:00,2025-11-18T20:07:00,171.56
302,1,,,pending,2025-11-17T14:56:00,2025-11-17T18:45:00,43.4
303,1,,,pending,2025-11-21T19:00:00,2025-11-21T20:02:00,187.96
304,5,,,pending,2025-11-15T08:19:00,2025-11-15T10:59:00,124.53
305,6,,,pending,2025-11-19T15:41:00,2025-11-19T18:15:00,109.62
306,3,,,pending,2025-11-23T15:17:00,2025-11-23T16:21:00,163.67
307,6,,,pending,2025-11-17T19:29:00,2025-11-17T22:29:00,58.88
308,3,,,pending,2025-11-15T19:21:00,2025-11-15T22:58:00,66.05
309,4,,,pending,2025-11-17T17:54:00,2025-11-17T20:52:00,180.44
310,7,,,pending,2025-11-23T13:05:00,2025-11-23T15:02:00,137.16
311,3,,,pending,2025-11-17T15:20:00,2025-11-17T16:38:00,11.3
312,7,,,pending,2025-11-18T15:48:00,2025-11-18T17:11:00,191.27
313,5,,,pending,2025-11-24T19:36:00,2025-11-24T19:53:00,59.7
314,6,,,pending,2025-11-18T08:42:00,2025-11-18T09:27:00,98.43
315,3,,,pending,2025-11-21T18:32:00,2025-11-21T21:47:00,156.27
316,2,,,pending,2025-11-19T13:39:00,2025-11-19T14:50:00,51.63
317,3,,,pending,2025-11-22T10:29:00,2025-11-22T13:55:00,197.88
318,6,,,pending,2025-11-21T19:35:00,2025-11-21T21:50:00,153.9
319,4,,,pending,2025-11-18T18:48:00,2025-11-18T21:35:00,175.9
320,2,,,pending,2025-11-23T15:33:00,2025-11-23T18:48:00,78.74
321,10,,,pending,2025-11-16T08:53:00,2025-11-16T11:28:00,181.55
322,4,,,pending,2025-11-24T16:09:00,2025-11-24T17:06:00,72.34
323,9,,,pending,2025-11-22T09:43:00,2025-11-22T10:50:00,146.21
324,8,,,pending,2025-11-16T16:28:00,2025-11-16T20:10:00,20.57
325,3,,,pending,2025-11-23T14:29:00,2025-11-23T17:08:00,20.97
326,8,,,pending,2025-11-19T19:01:00,2025-11-19T20:57:00,58.35
327,1,,,pending,2025-11-18T17:04:00,2025-11-18T17:30:00,90.5
328,2,,,pending,2025-11-23T08:59:00,2025-11-23T09:31:00,197.37
329,8,,,pending,2025-11-15T12:26:00,2025-11-15T13:27:00,156.1
330,7,,,pending,2025-11-20T14:28:00,2025-11-20T18:25:00,184.25
331,7,,,pending,2025-11-21T09:43:00,2025-11-21T12:47:00,176.17
332,3,,,pending,2025-11-20T09:11:00,2025-11-20T11:43:00,84.68
333,3,,,pending,2025-11-18T08:48:00,2025-11-18T09:08:00,195.91
334,8,,,pending,2025-11-23T14:34:00,2025-11-23T16:26:00,166.44
335,4,,,pending,2025-11-22T13:09:00,2025-11-22T14:34:00,45.81
336,2,,,pending,2025-11-15T19:00:00,2025-11-15T21:02:00,126.84
337,1,,,pending,2025-11-18T11:04:00,2025-11-18T11:44:00,122.85
338,8,,,pending,2025-11-24T18:45:00,2025-11-24T22:43:00,19.25
339,1,,,pending,2025-11-21T15:14:00,2025-11-21T17:47:00,51.28
340,1,,,pending,2025-11-17T16:18:00,2025-11-17T17:32:00,165.0
341,10,,,pending,2025-11-20T17:38:00,2025-11-20T21:10:00,137.78
342,6,,,pending,2025-11-18T12:56:00,2025-11-18T13:47:00,197.28
343,9,,,pending,2025-11-18T14:19:00,2025-11-18T15:44:00,21.58
344,10,,,pending,2025-11-17T18:43:00,2025-11-17T20:47:00,115.61
345,1,,,pending,2025-11-20T18:42:00,2025-11-20T20:34:00,159.3
346,6,,,pending,2025-11-21T14:09:00,2025-11-21T15:40:00,81.53
347,9,,,pending,2025-11-22T11:54:00,2025-11-22T13:06:00,67.14
348,3,,,pending,2025-11-22T08:35:00,2025-11-22T10:35:00,193.88
349,9,,,pending,2025-11-23T10:24:00,2025-11-23T11:41:00,58.45
350,6,,,pending,2025-11-16T15:54:00,2025-11-16T17:43:00,27.57
351,4,,,pending,2025-11-15T12:24:00,2025-11-15T15:31:00,124.94
352,1,,,pending,2025-11-16T11:51:00,2025-11-16T15:20:00,121.64
353,9,,,pending,2025-11-18T15:13:00,2025-11-18T19:10:00,182.34
354,5,,,pending,2025-11-15T11:59:00,2025-11-15T13:02:00,192.79
355,2,,,pending,2025-11-22T11:44:00,2025-11-22T14:33:00,143.72
356,7,,,pending,2025-11-18T16:20:00,2025-11-18T19:53:00,63.78
357,8,,,pending,2025-11-23T18:22:00,2025-11-23T19:55:00,59.7
358,9,,,pending,2025-11-22T15:06:00,2025-11-22T18:46:00,196.45
359,8,,,pending,2025-11-20T11:23:00,2025-11-20T12:58:00,88.65
360,10,,,pending,2025-11-18T19:09:00,2025-11-18T19:28:00,59.55
361,10,,,pending,2025-11-24T19:26:00,2025-11-24T20:56:00,38.96
362,6,,,pending,2025-11-18T14:36:00,2025-11-18T18:24:00,56.69
363,9,,,pending,2025-11-20T12:48:00,2025-11-20T16:33:00,102.84
364,8,,,pending,2025-11-22T10:46:00,2025-11-22T14:24:00,76.91
365,3,,,pending,2025-11-23T15:11:00,2025-11-23T17:44:00,198.16
366,1,,,pending,2025-11-23T08:53:00,2025-11-23T12:44:00,24.12
367,1,,,pending,2025-11-15T14:08:00,2025-11-15T17:58:00,129.83
368,2,,,pending,2025-11-17T08:13:00,2025-11-17T10:37:00,96.64
369,1,,,pending,2025-11-24T18:42:00,2025-11-24T21:34:00,183.42
370,8,,,pending,2025-11-15T08:34:00,2025-11-15T11:10:00,88.15
371,1,,,pending,2025-11-23T19:17:00,2025-11-23T21:49:00,195.72
372,1,,,pending,2025-11-23T19:43:00,2025-11-23T21:48:00,163.17
373,3,,,pending,2025-11-16T09:33:00,2025-11-16T10:26:00,55.78
374,10,,,pending,2025-11-23T12:52:00,2025-11-23T14:37:00,60.79
375,7,,,pending,2025-11-16T13:25:00,2025-11-16T15:37:00,117.35
376,4,,,pending,2025-11-19T18:52:00,2025-11-19T22:44:00,25.32
377,1,,,pending,2025-11-16T14:24:00,2025-11-16T16:15:00,115.01
378,1,,,pending,2025-11-15T19:10:00,2025-11-15T19:46:00,104.97
379,7,,,pending,2025-11-20T17:54:00,2025-11-20T18:33:00,180.01
380,1,,,pending,2025-11-18T11:57:00,2025-11-18T15:54:00,141.53
381,10,,,pending,2025-11-22T12:02:00,2025-11-22T12:36:00,140.04
382,5,,,pending,2025-11-23T17:42:00,2025-11-23T18:05:00,44.08
383,6,,,pending,2025-11-15T11:37:00,2025-11-15T12:28:00,152.93
384,7,,,pending,2025-11-16T12:10:00,2025-11-16T14:49:00,55.69
385,7,,,pending,2025-11-23T13:24:00,2025-11-23T16:52:00,150.55
386,2,,,pending,2025-11-23T19:22:00,2025-11-23T19:50:00,28.56
387,4,,,pending,2025-11-16T13:38:00,2025-11-16T17:09:00,126.63
388,10,,,pending,2025-11-21T19:00:00,2025-11-21T19:22:00,130.48
389,8,,,pending,2025-11-22T11:22:00,2025-11-22T13:58:00,188.82
390,7,,,pending,2025-11-17T18:37:00,2025-11-17T21:41:00,82.21
391,10,,,pending,2025-11-19T19:00:00,2025-11-19T22:17:00,23.97
392,5,,,pending,2025-11-17T14:45:00,2025-11-17T18:20:00,130.44
393,7,,,pending,2025-11-20T13:06:00,2025-11-20T13:44:00,10.99
394,5,,,pending,2025-11-22T13:48:00,2025-11-22T15:12:00,29.42
395,2,,,pending,2025-11-17T14:28:00,2025-11-17T17:05:00,115.4
396,7,,,pending,2025-11-16T08:05:00,2025-11-16T09:50:00,115.3
397,10,,,pending,2025-11-24T19:00:00,2025-11-24T22:56:00,83.2
398,5,,,pending,2025-11-21T14:49:00,2025-11-21T15:25:00,147.72
399,9,,,pending,2025-11-18T17:33:00,2025-11-18T18:31:00,140.21
400,3,,,pending,2025-11-17T12:19:00,2025-11-17T13:42:00,103.69
401,2,,,pending,2025-11-17T14:17:00,2025-11-17T16:19:00,66.95
402,2,,,pending,2025-11-20T12:15:00,2025-11-20T15:34:00,128.76
403,10,,,pending,2025-11-24T11:29:00,2025-11-24T12:11:00,35.74
404,1,,,pending,2025-11-21T13:53:00,2025-11-21T16:46:00,82.18
405,6,,,pending,2025-11-22T13:27:00,2025-11-22T17:10:00,166.47
406,10,,,pending,2025-11-17T12:20:00,2025-11-17T15:09:00,189.98
407,4,,,pending,2025-11-22T13:11:00,2025-11-22T15:07:00,194.06
408,5,,,pending,2025-11-22T17:50:00,2025-11-22T19:07:00,71.92
409,5,,,pending,2025-11-21T13:07:00,2025-11-21T15:46:00,47.96
410,9,,,pending,2025-11-17T18:49:00,2025-11-17T21:24:00,15.11
411,8,,,pending,2025-11-18T15:51:00,2025-11-18T17:20:00,167.94
412,2,,,pending,2025-11-21T18:31:00,2025-11-21T19:21:00,130.33
413,4,,,pending,2025-11-19T18:09:00,2025-11-19T21:27:00,90.39
414,7,,,pending,2025-11-16T15:38:00,2025-11-16T17:55:00,120.63
415,9,,,pending,2025-11-23T19:26:00,2025-11-23T22:00:00,16.99
416,6,,,pending,2025-11-23T17:40:00,2025-11-23T18:16:00,30.78
417,4,,,pending,2025-11-20T10:41:00,2025-11-20T13:32:00,18.42
418,7,,,pending,2025-11-20T19:00:00,2025-11-20T19:42:00,12.0
419,5,,,pending,2025-11-18T16:47:00,2025-11-18T19:14:00,116.02
420,10,,,pending,2025-11-18T15:23:00,2025-11-18T17:18:00,97.98
421,10,,,pending,2025-11-23T10:22:00,2025-11-23T10:43:00,101.73
422,5,,,pending,2025-11-21T09:07:00,2025-11-21T12:54:00,188.73
423,3,,,pending,2025-11-20T12:21:00,2025-11-20T14:32:00,159.01
424,9,,,pending,2025-11-22T13:30:00,2025-11-22T14:09:00,93.25
425,8,,,pending,2025-11-20T09:19:00,2025-11-20T09:45:00,163.94
426,2,,,pending,2025-11-15T13:41:00,2025-11-15T14:23:00,138.66
427,3,,,pending,2025-11-18T16:11:00,2025-11-18T18:47:00,40.43
428,9,,,pending,2025-11-21T15:14:00,2025-11-21T18:53:00,86.96
429,3,,,pending,2025-11-17T18:42:00,2025-11-17T20:47:00,85.16
430,10,,,pending,2025-11-18T15:37:00,2025-11-18T17:41:00,83.88
431,4,,,pending,2025-11-18T12:48:00,2025-11-18T16:03:00,163.66
432,2,,,pending,2025-11-24T09:51:00,2025-11-24T13:49:00,112.01
433,6,,,pending,2025-11-20T11:29:00,2025-11-20T12:13:00,59.85
434,8,,,pending,2025-11-23T18:20:00,2025-11-23T21:07:00,83.84
435,7,,,pending,2025-11-24T09:22:00,2025-11-24T11:07:00,170.65
436,10,,,pending,2025-11-17T18:45:00,2025-11-17T22:24:00,66.51
437,10,,,pending,2025-11-24T09:43:00,2025-11-24T10:32:00,69.51
438,4,,,pending,2025-11-19T09:11:00,2025-11-19T11:01:00,141.75
439,9,,,pending,2025-11-21T14:38:00,2025-11-21T15:28:00,119.21
440,7,,,pending,2025-11-17T15:40:00,2025-11-17T18:12:00,141.75
441,3,,,pending,2025-11-23T10:31:00,2025-11-23T11:59:00,36.66
442,6,,,pending,2025-11-22T17:03:00,2025-11-22T20:59:00,78.22
443,1,,,pending,2025-11-22T10:12:00,2025-11-22T13:55:00,82.95
444,9,,,pending,2025-11-23T18:31:00,2025-11-23T20:30:00,140.09
445,7,,,pending,2025-11-22T15:10:00,2025-11-22T15:46:00,117.43
446,4,,,pending,2025-11-19T08:17:00,2025-11-19T09:29:00,112.15
447,3,,,pending,2025-11-22T17:47:00,2025-11-22T21:19:00,155.52
448,9,,,pending,2025-11-23T09:36:00,2025-11-23T10:20:00,60.9
449,9,,,pending,2025-11-20T16:52:00,2025-11-20T20:20:00,17.91
450,8,,,pending,2025-11-23T11:27:00,2025-11-23T12:08:00,149.84
451,4,,,pending,2025-11-19T08:28:00,2025-11-19T09:50:00,76.23
452,2,,,pending,2025-11-22T09:49:00,2025-11-22T13:31:00,55.02
453,10,,,pending,2025-11-20T19:39:00,2025-11-20T22:35:00,91.35
454,10,,,pending,2025-11-17T19:00:00,2025-11-17T22:43:00,49.32
455,1,,,pending,2025-11-24T13:34:00,2025-11-24T15:00:00,123.4
456,3,,,pending,2025-11-20T19:18:00,2025-11-20T20:47:00,118.82
457,9,,,pending,2025-11-16T10:48:00,2025-11-16T14:24:00,88.2
458,1,,,pending,2025-11-19T18:08:00,2025-11-19T21:22:00,174.55
459,4,,,pending,2025-11-17T19:20:00,2025-11-17T23:07:00,57.04
460,7,,,pending,2025-11-22T10:36:00,2025-11-22T13:32:00,61.06
461,7,,,pending,2025-11-21T15:04:00,2025-11-21T18:01:00,160.97
462,2,,,pending,2025-11-21T16:47:00,2025-11-21T18:13:00,141.99
463,6,,,pending,2025-11-22T15:20:00,2025-11-22T18:03:00,10.47
464,2,,,pending,2025-11-22T18:42:00,2025-11-22T21:55:00,78.06
465,2,,,pending,2025-11-23T14:13:00,2025-11-23T16:17:00,166.72
466,8,,,pending,2025-11-19T13:53:00,2025-11-19T15:20:00,74.17
467,10,,,pending,2025-11-17T17:54:00,2025-11-17T20:13:00,159.78
468,1,,,pending,2025-11-15T09:40:00,2025-11-15T13:15:00,168.97
469,1,,,pending,2025-11-16T10:28:00,2025-11-16T12:39:00,10.13
470,7,,,pending,2025-11-18T19:58:00,2025-11-18T20:46:00,177.61
471,5,,,pending,2025-11-17T12:05:00,2025-11-17T15:07:00,78.48
472,2,,,pending,2025-11-20T18:57:00,2025-11-20T21:58:00,41.45
473,7,,,pending,2025-11-19T19:44:00,2025-11-19T23:12:00,54.49
474,2,,,pending,2025-11-16T08:13:00,2025-11-16T10:30:00,24.81
475,10,,,pending,2025-11-18T16:43:00,2025-11-18T18:51:00,11.76
476,6,,,pending,2025-11-16T14:44:00,2025-11-16T15:32:00,100.76
477,4,,,pending,2025-11-21T09:46:00,2025-11-21T13:27:00,29.46
478,6,,,pending,2025-11-20T12:08:00,2025-11-20T14:00:00,156.96
479,3,,,pending,2025-11-17T09:33:00,2025-11-17T12:12:00,11.61
480,3,,,pending,2025-11-22T13:46:00,2025-11-22T14:55:00,129.34
481,3,,,pending,2025-11-21T17:43:00,2025-11-21T19:51:00,173.39
482,2,,,pending,2025-11-16T10:48:00,2025-11-16T11:34:00,122.02
483,7,,,pending,2025-11-20T14:20:00,2025-11-20T17:57:00,36.57
484,5,,,pending,2025-11-16T11:35:00,2025-11-16T14:23:00,124.0
485,10,,,pending,2025-11-19T19:00:00,2025-11-19T19:21:00,171.1
486,5,,,pending,2025-11-18T16:38:00,2025-11-18T19:03:00,45.84
487,7,,,pending,2025-11-19T18:03:00,2025-11-19T21:38:00,180.6
488,4,,,pending,2025-11-22T14:07:00,2025-11-22T15:23:00,104.92
489,10,,,pending,2025-11-16T16:56:00,2025-11-16T17:14:00,197.51
490,6,,,pending,2025-11-17T14:55:00,2025-11-17T18:44:00,117.99
491,6,,,pending,2025-11-23T18:11:00,2025-11-23T21:41:00,99.49
492,2,,,pending,2025-11-15T17:04:00,2025-11-15T17:22:00,59.82
493,1,,,pending,2025-11-15T19:00:00,2025-11-15T21:24:00,64.43
494,9,,,pending,2025-11-21T14:44:00,2025-11-21T16:41:00,25.66
495,9,,,pending,2025-11-23T17:09:00,2025-11-23T18:35:00,25.88
496,2,,,pending,2025-11-23T11:51:00,2025-11-23T12:45:00,111.91
497,7,,,pending,2025-11-24T18:48:00,2025-11-24T22:36:00,133.47
498,2,,,pending,2025-11-19T19:27:00,2025-11-19T22:48:00,191.15
499,4,,,pending,2025-11-15T11:05:00,2025-11-15T13:11:00,32.04
500,10,,,pending,2025-11-24T08:19:00,2025-11-24T11:24:00,150.92
501,3,,,pending,2025-11-16T08:45:00,2025-11-16T09:35:00,143.28
502,3,,,pending,2025-11-22T13:33:00,2025-11-22T16:00:00,158.77
503,5,,,pending,2025-11-17T13:08:00,2025-11-17T16:34:00,158.41
504,5,,,pending,2025-11-16T19:00:00,2025-11-16T19:22:00,73.65
505,7,,,pending,2025-11-19T16:04:00,2025-11-19T17:26:00,145.34
506,10,,,pending,2025-11-16T15:29:00,2025-11-16T17:54:00,78.42
507,8,,,pending,2025-11-24T10:23:00,2025-11-24T11:18:00,58.47
508,2,,,pending,2025-11-24T18:46:00,2025-11-24T19:30:00,53.4
509,9,,,pending,2025-11-15T08:54:00,2025-11-15T12:49:00,12.33
510,1,,,pending,2025-11-22T13:24:00,2025-11-22T14:17:00,44.0
511,1,,,pending,2025-11-23T19:00:00,2025-11-23T22:17:00,150.73
512,7,,,pending,2025-11-18T13:15:00,2025-11-18T15:16:00,184.01
513,6,,,pending,2025-11-19T09:36:00,2025-11-19T11:26:00,32.69
514,1,,,pending,2025-11-17T11:51:00,2025-11-17T14:18:00,196.47
515,7,,,pending,2025-11-16T15:55:00,2025-11-16T17:22:00,156.97
516,5,,,pending,2025-11-20T09:35:00,2025-11-20T11:46:00,11.51
517,4,,,pending,2025-11-19T17:50:00,2025-11-19T19:22:00,150.52
518,4,,,pending,2025-11-22T13:37:00,2025-11-22T15:58:00,199.58
519,4,,,pending,2025-11-23T19:00:00,2025-11-23T20:17:00,38.61
520,7,,,pending,2025-11-15T11:34:00,2025-11-15T13:17:00,130.83
521,1,,,pending,2025-11-20T08:48:00,2025-11-20T11:51:00,81.49
522,5,,,pending,2025-11-16T11:33:00,2025-11-16T12:48:00,89.77
523,1,,,pending,2025-11-17T19:17:00,2025-11-17T19:55:00,18.34
524,4,,,pending,2025-11-23T14:44:00,2025-11-23T16:34:00,97.11
525,2,,,pending,2025-11-24T09:32:00,2025-11-24T10:21:00,131.07
526,7,,,pending,2025-11-16T17:36:00,2025-11-16T18:06:00,92.65
527,3,,,pending,2025-11-18T12:16:00,2025-11-18T16:08:00,69.85
528,7,,,pending,2025-11-20T13:28:00,2025-11-20T14:52:00,54.39
529,4,,,pending,2025-11-17T19:00:00,2025-11-17T21:44:00,30.7
530,2,,,pending,2025-11-17T15:29:00,2025-11-17T17:04:00,87.24
531,9,,,pending,2025-11-20T19:00:00,2025-11-20T21:10:00,68.58
532,5,,,pending,2025-11-16T09:10:00,2025-11-16T12:51:00,140.35
533,10,,,pending,2025-11-15T11:53:00,2025-11-15T15:47:00,72.28
534,2,,,pending,2025-11-18T13:25:00,2025-11-18T15:51:00,19.3
535,5,,,pending,2025-11-19T10:01:00,2025-11-19T11:59:00,172.37
536,9,,,pending,2025-11-23T11:06:00,2025-11-23T13:19:00,29.36
537,3,,,pending,2025-11-16T08:03:00,2025-11-16T11:50:00,158.38
538,4,,,pending,2025-11-17T11:52:00,2025-11-17T13:49:00,80.73
539,2,,,pending,2025-11-24T17:16:00,2025-11-24T20:59:00,24.25
540,2,,,pending,2025-11-18T18:28:00,2025-11-18T22:10:00,34.47
541,6,,,pending,2025-11-16T08:29:00,2025-11-16T08:56:00,41.92
542,10,,,pending,2025-11-21T19:25:00,2025-11-21T21:47:00,15.6
543,7,,,pending,2025-11-17T13:13:00,2025-11-17T14:15:00,62.25
544,8,,,pending,2025-11-17T08:39:00,2025-11-17T11:32:00,127.23
545,5,,,pending,2025-11-22T14:56:00,2025-11-22T17:31:00,101.02
546,2,,,pending,2025-11-19T14:08:00,2025-11-19T16:10:00,47.9
547,9,,,pending,2025-11-18T18:51:00,2025-11-18T21:25:00,161.02
548,7,,,pending,2025-11-20T15:34:00,2025-11-20T19:09:00,102.09
549,10,,,pending,2025-11-23T13:24:00,2025-11-23T14:48:00,44.17
550,6,,,pending,2025-11-24T11:01:00,2025-11-24T14:43:00,157.92
551,1,,,pending,2025-11-22T16:22:00,2025-11-22T19:53:00,120.96
552,4,,,pending,2025-11-17T09:15:00,2025-11-17T12:18:00,55.82
553,9,,,pending,2025-11-15T19:00:00,2025-11-15T21:42:00,170.84
554,7,,,pending,2025-11-20T10:11:00,2025-11-20T11:26:00,122.58
555,6,,,pending,2025-11-24T08:45:00,2025-11-24T11:59:00,76.82
556,10,,,pending,2025-11-24T10:36:00,2025-11-24T11:39:00,168.97
557,8,,,pending,2025-11-23T12:11:00,2025-11-23T14:31:00,17.21
558,1,,,pending,2025-11-18T17:14:00,2025-11-18T17:34:00,110.03
559,1,,,pending,2025-11-20T17:12:00,2025-11-20T20:53:00,34.79
560,3,,,pending,2025-11-20T08:01:00,2025-11-20T08:53:00,121.46
561,3,,,pending,2025-11-16T16:55:00,2025-11-16T18:43:00,192.51
562,6,,,pending,2025-11-21T17:06:00,2025-11-21T18:47:00,67.34
563,3,,,pending,2025-11-17T19:27:00,2025-11-17T23:04:00,131.46
564,8,,,pending,2025-11-20T10:45:00,2025-11-20T13:23:00,141.78
565,10,,,pending,2025-11-20T11:42:00,2025-11-20T14:27:00,164.75
566,7,,,pending,2025-11-19T19:44:00,2025-11-19T21:14:00,34.2
567,1,,,pending,2025-11-24T14:54:00,2025-11-24T18:26:00,193.38
568,1,,,pending,2025-11-17T17:20:00,2025-11-17T21:02:00,193.83
569,4,,,pending,2025-11-24T09:59:00,2025-11-24T12:21:00,36.72
570,2,,,pending,2025-11-18T13:20:00,2025-11-18T14:17:00,130.88
571,2,,,pending,2025-11-20T15:00:00,2025-11-20T16:22:00,49.84
572,2,,,pending,2025-11-20T12:50:00,2025-11-20T13:32:00,146.88
573,1,,,pending,2025-11-21T15:46:00,2025-11-21T17:48:00,194.13
574,7,,,pending,2025-11-22T14:22:00,2025-11-22T16:56:00,81.32
575,8,,,pending,2025-11-24T18:48:00,2025-11-24T21:58:00,52.86
576,8,,,pending,2025-11-16T19:00:00,2025-11-16T19:23:00,66.03
577,6,,,pending,2025-11-19T09:04:00,2025-11-19T10:46:00,42.32
578,7,,,pending,2025-11-17T19:04:00,2025-11-17T21:39:00,188.95
579,2,,,pending,2025-11-20T17:39:00,2025-11-20T19:57:00,143.86
580,7,,,pending,2025-11-17T17:56:00,2025-11-17T20:02:00,39.85
581,2,,,pending,2025-11-20T11:12:00,2025-11-20T13:11:00,142.47
582,9,,,pending,2025-11-19T18:18:00,2025-11-19T19:49:00,55.13
583,1,,,pending,2025-11-21T17:35:00,2025-11-21T21:25:00,103.28
584,1,,,pending,2025-11-20T08:27:00,2025-11-20T09:04:00,65.96
585,10,,,pending,2025-11-22T11:06:00,2025-11-22T11:27:00,49.32
586,5,,,pending,2025-11-16T15:54:00,2025-11-16T16:38:00,68.59
587,7,,,pending,2025-11-22T15:57:00,2025-11-22T19:01:00,60.35
588,9,,,pending,2025-11-21T10:23:00,2025-11-21T12:15:00,80.19
589,8,,,pending,2025-11-15T12:28:00,2025-11-15T14:42:00,60.05
590,5,,,pending,2025-11-24T08:09:00,2025-11-24T11:36:00,142.33
591,2,,,pending,2025-11-16T18:22:00,2025-11-16T22:03:00,112.88
592,10,,,pending,2025-11-18T16:03:00,2025-11-18T19:53:00,83.55
593,9,,,pending,2025-11-21T16:43:00,2025-11-21T20:39:00,187.91
594,10,,,pending,2025-11-18T15:19:00,2025-11-18T15:54:00,85.01
595,1,,,pending,2025-11-23T17:57:00,2025-11-23T20:24:00,162.09
596,10,,,pending,2025-11-17T09:48:00,2025-11-17T11:57:00,42.85
597,3,,,pending,2025-11-18T19:00:00,2025-11-18T19:47:00,18.11
598,2,,,pending,2025-11-21T11:52:00,2025-11-21T14:47:00,38.1
599,10,,,pending,2025-11-19T13:58:00,2025-11-19T17:19:00,183.69
600,2,,,pending,2025-11-16T14:35:00,2025-11-16T16:31:00,114.89
601,5,,,pending,2025-11-23T15:58:00,2025-11-23T19:56:00,12.35
602,10,,,pending,2025-11-24T16:50:00,2025-11-24T18:52:00,31.38
603,3,,,pending,2025-11-17T17:37:00,2025-11-17T20:21:00,154.09
604,2,,,pending,2025-11-16T17:49:00,2025-11-16T18:29:00,159.29
605,9,,,pending,2025-11-20T14:16:00,2025-11-20T16:09:00,134.41
606,10,,,pending,2025-11-24T15:02:00,2025-11-24T16:01:00,62.33
607,3,,,pending,2025-11-24T17:43:00,2025-11-24T20:55:00,86.33
608,7,,,pending,2025-11-20T19:15:00,2025-11-20T19:42:00,151.69
609,5,,,pending,2025-11-20T08:21:00,2025-11-20T12:05:00,160.79
610,5,,,pending,2025-11-19T15:54:00,2025-11-19T19:07:00,140.12
611,4,,,pending,2025-11-17T12:47:00,2025-11-17T14:55:00,157.07
612,6,,,pending,2025-11-19T19:26:00,2025-11-19T22:15:00,132.66
613,4,,,pending,2025-11-22T11:58:00,2025-11-22T15:43:00,87.36
614,8,,,pending,2025-11-23T13:52:00,2025-11-23T14:21:00,107.9
615,3,,,pending,2025-11-16T12:45:00,2025-11-16T15:09:00,86.64
616,9,,,pending,2025-11-24T08:11:00,2025-11-24T09:15:00,176.28
617,4,,,pending,2025-11-15T11:02:00,2025-11-15T13:13:00,19.61
618,6,,,pending,2025-11-18T12:23:00,2025-11-18T16:08:00,98.2
619,7,,,pending,2025-11-16T18:01:00,2025-11-16T19:17:00,80.77
620,10,,,pending,2025-11-22T10:55:00,2025-11-22T13:11:00,121.51
621,6,,,pending,2025-11-20T10:53:00,2025-11-20T12:14:00,152.3
622,2,,,pending,2025-11-19T08:24:00,2025-11-19T08:51:00,40.95
623,10,,,pending,2025-11-18T11:41:00,2025-11-18T12:53:00,138.76
624,5,,,pending,2025-11-21T16:01:00,2025-11-21T19:57:00,158.26
625,1,,,pending,2025-11-22T10:41:00,2025-11-22T11:40:00,124.22
626,1,,,pending,2025-11-18T12:38:00,2025-11-18T16:19:00,189.17
627,5,,,pending,2025-11-21T14:54:00,2025-11-21T16:38:00,97.21
628,4,,,pending,2025-11-22T12:43:00,2025-11-22T15:11:00,166.62
629,7,,,pending,2025-11-24T09:00:00,2025-11-24T11:25:00,199.89
630,6,,,pending,2025-11-23T18:38:00,2025-11-23T21:28:00,63.71
631,2,,,pending,2025-11-22T09:21:00,2025-11-22T10:46:00,131.71
632,5,,,pending,2025-11-19T18:45:00,2025-11-19T21:46:00,66.77
633,3,,,pending,2025-11-23T19:00:00,2025-11-23T19:29:00,163.03
634,10,,,pending,2025-11-21T18:20:00,2025-11-21T21:29:00,36.59
635,1,,,pending,2025-11-22T12:16:00,2025-11-22T14:18:00,86.87
636,1,,,pending,2025-11-24T19:36:00,2025-11-24T23:19:00,46.08
637,4,,,pending,2025-11-23T18:50:00,2025-11-23T21:06:00,182.24
638,6,,,pending,2025-11-23T12:54:00,2025-11-23T13:52:00,169.72
639,9,,,pending,2025-11-17T12:06:00,2025-11-17T14:21:00,34.31
640,5,,,pending,2025-11-23T19:00:00,2025-11-23T20:01:00,189.92
641,6,,,pending,2025-11-16T11:22:00,2025-11-16T12:34:00,151.4
642,5,,,pending,2025-11-21T19:00:00,2025-11-21T20:39:00,80.62
643,10,,,pending,2025-11-19T15:54:00,2025-11-19T16:39:00,99.4
644,10,,,pending,2025-11-24T17:04:00,2025-11-24T19:19:00,178.99
645,9,,,pending,2025-11-16T18:24:00,2025-11-16T20:54:00,66.69
646,1,,,pending,2025-11-17T10:12:00,2025-11-17T11:54:00,87.75
647,10,,,pending,2025-11-22T10:20:00,2025-11-22T14:15:00,145.98
648,2,,,pending,2025-11-22T13:40:00,2025-11-22T14:40:00,69.55
649,1,,,pending,2025-11-15T15:17:00,2025-11-15T16:25:00,154.63
650,3,,,pending,2025-11-24T19:00:00,2025-11-24T21:20:00,159.19
651,2,,,pending,2025-11-17T17:27:00,2025-11-17T20:24:00,91.59
652,7,,,pending,2025-11-22T14:00:00,2025-11-22T14:24:00,111.42
653,6,,,pending,2025-11-15T13:48:00,2025-11-15T17:36:00,110.9
654,1,,,pending,2025-11-15T18:46:00,2025-11-15T20:04:00,52.99
655,6,,,pending,2025-11-19T10:06:00,2025-11-19T11:59:00,105.63
656,5,,,pending,2025-11-17T09:52:00,2025-11-17T10:18:00,66.66
657,5,,,pending,2025-11-22T19:33:00,2025-11-22T22:20:00,109.58
658,7,,,pending,2025-11-17T13:57:00,2025-11-17T16:17:00,78.26
659,4,,,pending,2025-11-17T19:00:00,2025-11-17T19:19:00,53.4
660,3,,,pending,2025-11-18T19:01:00,2025-11-18T21:46:00,105.88
661,2,,,pending,2025-11-20T19:41:00,2025-11-20T23:18:00,17.1
662,5,,,pending,2025-11-23T17:03:00,2025-11-23T19:50:00,198.99
663,2,,,pending,2025-11-15T08:44:00,2025-11-15T09:28:00,89.19
664,7,,,pending,2025-11-16T16:16:00,2025-11-16T18:32:00,143.35
665,4,,,pending,2025-11-15T12:26:00,2025-11-15T15:30:00,29.19
666,9,,,pending,2025-11-19T17:38:00,2025-11-19T20:52:00,36.06
667,2,,,pending,2025-11-23T19:39:00,2025-11-23T20:24:00,63.71
668,2,,,pending,2025-11-22T11:38:00,2025-11-22T12:44:00,157.81
669,9,,,pending,2025-11-18T13:45:00,2025-11-18T15:44:00,66.12
670,1,,,pending,2025-11-23T15:58:00,2025-11-23T17:06:00,140.76
671,8,,,pending,2025-11-20T11:00:00,2025-11-20T11:18:00,137.61
672,2,,,pending,2025-11-24T18:31:00,2025-11-24T19:24:00,190.39
673,9,,,pending,2025-11-16T19:46:00,2025-11-16T20:26:00,181.91
674,4,,,pending,2025-11-22T12:16:00,2025-11-22T14:29:00,19.52
675,3,,,pending,2025-11-15T12:23:00,2025-11-15T16:03:00,138.59
676,7,,,pending,2025-11-16T09:54:00,2025-11-16T13:23:00,179.16
677,1,,,pending,2025-11-17T18:41:00,2025-11-17T19:39:00,72.45
678,8,,,pending,2025-11-24T12:56:00,2025-11-24T16:18:00,27.66
679,6,,,pending,2025-11-17T09:25:00,2025-11-17T11:22:00,192.84
680,5,,,pending,2025-11-21T19:54:00,2025-11-21T22:11:00,161.98
681,3,,,pending,2025-11-16T10:44:00,2025-11-16T14:04:00,21.14
682,3,,,pending,2025-11-16T14:58:00,2025-11-16T17:44:00,101.71
683,10,,,pending,2025-11-22T10:39:00,2025-11-22T12:31:00,158.04
684,10,,,pending,2025-11-15T18:56:00,2025-11-15T22:45:00,148.18
685,3,,,pending,2025-11-22T15:07:00,2025-11-22T17:07:00,93.73
686,2,,,pending,2025-11-19T18:20:00,2025-11-19T18:38:00,143.87
687,9,,,pending,2025-11-24T19:36:00,2025-11-24T20:48:00,195.8
688,6,,,pending,2025-11-23T16:44:00,2025-11-23T19:58:00,127.47
689,7,,,pending,2025-11-18T15:22:00,2025-11-18T18:26:00,138.5
690,7,,,pending,2025-11-17T16:57:00,2025-11-17T19:48:00,20.37
691,3,,,pending,2025-11-23T15:54:00,2025-11-23T18:15:00,175.19
692,2,,,pending,2025-11-22T13:15:00,2025-11-22T14:54:00,194.33
693,1,,,pending,2025-11-23T11:35:00,2025-11-23T14:34:00,81.94
694,4,,,pending,2025-11-16T15:28:00,2025-11-16T19:08:00,118.88
695,2,,,pending,2025-11-22T15:20:00,2025-11-22T16:05:00,196.33
696,1,,,pending,2025-11-16T14:26:00,2025-11-16T14:50:00,115.85
697,1,,,pending,2025-11-16T19:00:00,2025-11-16T21:53:00,131.13
698,9,,,pending,2025-11-23T11:41:00,2025-11-23T14:47:00,96.68
699,6,,,pending,2025-11-20T08:52:00,2025-11-20T10:04:00,170.42
700,6,,,pending,2025-11-23T19:00:00,2025-11-23T21:48:00,99.9
701,6,,,pending,2025-11-22T09:06:00,2025-11-22T12:35:00,135.19
702,1,,,pending,2025-11-20T13:53:00,2025-11-20T16:50:00,193.24
703,5,,,pending,2025-11-23T16:23:00,2025-11-23T19:37:00,30.2
704,3,,,pending,2025-11-22T10:52:00,2025-11-22T14:10:00,151.08
705,7,,,pending,2025-11-16T12:39:00,2025-11-16T13:44:00,45.63
706,7,,,pending,2025-11-18T15:52:00,2025-11-18T19:27:00,46.21
707,6,,,pending,2025-11-16T19:00:00,2025-11-16T19:26:00,186.06
708,10,,,pending,2025-11-16T19:00:00,2025-11-16T21:10:00,96.9
709,10,,,pending,2025-11-23T10:31:00,2025-11-23T10:47:00,110.77
710,1,,,pending,2025-11-23T14:53:00,2025-11-23T17:37:00,101.76
711,9,,,pending,2025-11-17T19:37:00,2025-11-17T20:36:00,148.79
712,3,,,pending,2025-11-16T14:42:00,2025-11-16T17:30:00,125.17
713,6,,,pending,2025-11-23T14:26:00,2025-11-23T17:16:00,184.02
714,4,,,pending,2025-11-19T14:21:00,2025-11-19T15:51:00,96.04
715,3,,,pending,2025-11-17T14:38:00,2025-11-17T17:52:00,178.42
716,9,,,pending,2025-11-19T19:35:00,2025-11-19T23:30:00,69.64
717,9,,,pending,2025-11-18T11:13:00,2025-11-18T14:07:00,145.73
718,6,,,pending,2025-11-17T19:41:00,2025-11-17T20:41:00,105.74
719,6,,,pending,2025-11-16T19:00:00,2025-11-16T21:38:00,101.27
720,10,,,pending,2025-11-21T18:47:00,2025-11-21T22:37:00,111.44
721,7,,,pending,2025-11-15T16:06:00,2025-11-15T16:27:00,82.37
722,1,,,pending,2025-11-15T11:17:00,2025-11-15T14:44:00,159.25
723,5,,,pending,2025-11-19T10:53:00,2025-11-19T11:23:00,141.21
724,5,,,pending,2025-11-18T19:00:00,2025-11-18T19:23:00,78.15
725,8,,,pending,2025-11-16T17:55:00,2025-11-16T21:02:00,150.5
726,4,,,pending,2025-11-23T14:15:00,2025-11-23T16:40:00,159.02
727,5,,,pending,2025-11-15T14:24:00,2025-11-15T16:25:00,191.77
728,6,,,pending,2025-11-23T08:00:00,2025-11-23T11:25:00,57.75
729,10,,,pending,2025-11-22T11:58:00,2025-11-22T14:55:00,143.88
730,6,,,pending,2025-11-24T16:47:00,2025-11-24T19:36:00,47.33
731,4,,,pending,2025-11-19T15:11:00,2025-11-19T18:20:00,24.15
732,3,,,pending,2025-11-23T09:24:00,2025-11-23T09:49:00,91.42
733,9,,,pending,2025-11-19T10:10:00,2025-11-19T12:54:00,170.74
734,1,,,pending,2025-11-20T15:45:00,2025-11-20T16:39:00,17.59
735,6,,,pending,2025-11-24T08:49:00,2025-11-24T11:44:00,126.97
736,5,,,pending,2025-11-22T19:00:00,2025-11-22T21:35:00,78.04
737,6,,,pending,2025-11-23T11:11:00,2025-11-23T13:39:00,22.95
738,9,,,pending,2025-11-17T14:34:00,2025-11-17T17:06:00,86.65
739,6,,,pending,2025-11-18T11:42:00,2025-11-18T13:21:00,72.9
740,5,,,pending,2025-11-18T19:00:00,2025-11-18T21:30:00,100.22
741,9,,,pending,2025-11-15T09:42:00,2025-11-15T11:25:00,94.68
742,10,,,pending,2025-11-24T11:02:00,2025-11-24T14:11:00,178.28
743,7,,,pending,2025-11-16T14:16:00,2025-11-16T16:49:00,147.56
744,1,,,pending,2025-11-23T19:00:00,2025-11-23T21:26:00,162.54
745,8,,,pending,2025-11-22T08:18:00,2025-11-22T11:19:00,46.58
746,9,,,pending,2025-11-16T09:10:00,2025-11-16T12:42:00,112.22
747,1,,,pending,2025-11-16T11:42:00,2025-11-16T14:38:00,156.98
748,7,,,pending,2025-11-16T11:34:00,2025-11-16T15:21:00,143.52
749,7,,,pending,2025-11-16T19:43:00,2025-11-16T20:37:00,14.51
750,6,,,pending,2025-11-15T09:04:00,2025-11-15T09:32:00,43.82
751,5,,,pending,2025-11-23T09:36:00,2025-11-23T13:21:00,53.25
752,5,,,pending,2025-11-21T14:28:00,2025-11-21T17:24:00,86.85
753,6,,,pending,2025-11-15T14:43:00,2025-11-15T15:28:00,111.62
754,10,,,pending,2025-11-16T19:00:00,2025-11-16T21:44:00,18.65
755,2,,,pending,2025-11-20T16:06:00,2025-11-20T17:35:00,159.51
756,5,,,pending,2025-11-24T09:18:00,2025-11-24T12:48:00,186.07
757,7,,,pending,2025-11-21T18:01:00,2025-11-21T20:17:00,39.7
758,4,,,pending,2025-11-17T19:25:00,2025-11-17T23:03:00,161.52
759,9,,,pending,2025-11-19T18:09:00,2025-11-19T19:40:00,138.68
760,6,,,pending,2025-11-15T16:55:00,2025-11-15T19:32:00,36.86
761,1,,,pending,2025-11-15T17:38:00,2025-11-15T19:33:00,112.06
762,2,,,pending,2025-11-19T11:47:00,2025-11-19T15:11:00,181.67
763,6,,,pending,2025-11-18T14:57:00,2025-11-18T17:57:00,171.78
764,3,,,pending,2025-11-17T10:14:00,2025-11-17T13:06:00,168.6
765,4,,,pending,2025-11-16T10:42:00,2025-11-16T14:21:00,117.79
766,1,,,pending,2025-11-23T15:41:00,2025-11-23T18:16:00,23.9
767,2,,,pending,2025-11-19T09:12:00,2025-11-19T12:32:00,120.31
768,6,,,pending,2025-11-20T10:42:00,2025-11-20T13:44:00,54.56
769,5,,,pending,2025-11-24T09:57:00,2025-11-24T11:01:00,70.38
770,8,,,pending,2025-11-20T17:42:00,2025-11-20T19:15:00,141.76
771,3,,,pending,2025-11-24T17:23:00,2025-11-24T21:04:00,70.1
772,7,,,pending,2025-11-17T08:20:00,2025-11-17T09:38:00,159.28
773,7,,,pending,2025-11-19T13:08:00,2025-11-19T16:16:00,149.26
774,8,,,pending,2025-11-22T15:22:00,2025-11-22T18:55:00,68.04
775,9,,,pending,2025-11-16T10:41:00,2025-11-16T13:31:00,25.58
776,5,,,pending,2025-11-17T16:12:00,2025-11-17T17:34:00,149.37
777,2,,,pending,2025-11-16T08:54:00,2025-11-16T11:18:00,130.01
778,10,,,pending,2025-11-24T14:49:00,2025-11-24T17:35:00,50.42
779,1,,,pending,2025-11-23T12:34:00,2025-11-23T15:07:00,99.7
780,3,,,pending,2025-11-20T14:14:00,2025-11-20T17:46:00,122.02
781,5,,,pending,2025-11-17T15:32:00,2025-11-17T17:57:00,27.21
782,6,,,pending,2025-11-23T08:42:00,2025-11-23T09:58:00,171.12
783,10,,,pending,2025-11-17T19:00:00,2025-11-17T19:50:00,94.78
784,3,,,pending,2025-11-24T17:42:00,2025-11-24T21:40:00,193.87
785,8,,,pending,2025-11-20T08:14:00,2025-11-20T11:43:00,102.65
786,2,,,pending,2025-11-19T13:14:00,2025-11-19T13:39:00,137.03
787,9,,,pending,2025-11-20T14:30:00,2025-11-20T16:41:00,177.49
788,1,,,pending,2025-11-20T09:45:00,2025-11-20T12:13:00,130.38
789,5,,,pending,2025-11-19T17:34:00,2025-11-19T20:14:00,43.03
790,7,,,pending,2025-11-20T17:41:00,2025-11-20T21:29:00,24.79
791,5,,,pending,2025-11-21T11:33:00,2025-11-21T13:31:00,77.05
792,6,,,pending,2025-11-22T19:00:00,2025-11-22T21:49:00,11.25
793,3,,,pending,2025-11-22T10:14:00,2025-11-22T10:48:00,107.76
794,5,,,pending,2025-11-18T10:11:00,2025-11-18T11:06:00,78.82
795,2,,,pending,2025-11-18T14:51:00,2025-11-18T16:30:00,146.85
796,8,,,pending,2025-11-22T15:13:00,2025-11-22T17:59:00,40.64
797,7,,,pending,2025-11-15T11:02:00,2025-11-15T11:49:00,118.96
798,3,,,pending,2025-11-17T18:32:00,2025-11-17T18:57:00,179.25
799,3,,,pending,2025-11-15T10:16:00,2025-11-15T11:17:00,108.16
800,7,,,pending,2025-11-24T17:40:00,2025-11-24T17:59:00,176.92
801,5,,,pending,2025-11-16T11:28:00,2025-11-16T14:18:00,198.63
802,8,,,pending,2025-11-17T11:53:00,2025-11-17T13:53:00,124.16
803,10,,,pending,2025-11-17T17:42:00,2025-11-17T20:07:00,60.26
804,6,,,pending,2025-11-22T17:37:00,2025-11-22T18:09:00,53.66
805,7,,,pending,2025-11-17T09:01:00,2025-11-17T10:07:00,109.32
806,9,,,pending,2025-11-21T10:38:00,2025-11-21T11:17:00,43.71
807,10,,,pending,2025-11-24T08:56:00,2025-11-24T12:31:00,110.97
808,2,,,pending,2025-11-16T15:42:00,2025-11-16T16:30:00,181.38
809,9,,,pending,2025-11-15T19:00:00,2025-11-15T22:01:00,91.98
810,7,,,pending,2025-11-20T08:44:00,2025-11-20T11:14:00,91.5
811,8,,,pending,2025-11-21T13:37:00,2025-11-21T17:17:00,150.86
812,10,,,pending,2025-11-16T14:08:00,2025-11-16T15:28:00,100.66
813,4,,,pending,2025-11-16T12:38:00,2025-11-16T16:37:00,113.31
814,5,,,pending,2025-11-18T08:45:00,2025-11-18T12:10:00,159.99
815,10,,,pending,2025-11-23T09:33:00,2025-11-23T09:49:00,81.26
816,4,,,pending,2025-11-20T14:23:00,2025-11-20T15:05:00,39.41
817,10,,,pending,2025-11-19T12:54:00,2025-11-19T15:26:00,90.48
818,6,,,pending,2025-11-24T12:43:00,2025-11-24T14:39:00,153.44
819,7,,,pending,2025-11-23T19:00:00,2025-11-23T21:18:00,43.96
820,9,,,pending,2025-11-23T15:16:00,2025-11-23T16:49:00,119.75
821,7,,,pending,2025-11-17T18:07:00,2025-11-17T21:33:00,53.66
822,3,,,pending,2025-11-16T11:32:00,2025-11-16T13:29:00,159.36
823,9,,,pending,2025-11-24T19:43:00,2025-11-24T22:58:00,19.89
824,7,,,pending,2025-11-15T19:00:00,2025-11-15T22:45:00,37.61
825,10,,,pending,2025-11-21T09:04:00,2025-11-21T10:26:00,52.14
826,2,,,pending,2025-11-24T08:46:00,2025-11-24T10:39:00,186.83
827,7,,,pending,2025-11-24T18:33:00,2025-11-24T20:01:00,145.21
828,10,,,pending,2025-11-15T19:00:00,2025-11-15T19:59:00,131.66
829,8,,,pending,2025-11-15T11:54:00,2025-11-15T14:57:00,186.84
830,9,,,pending,2025-11-19T11:02:00,2025-11-19T14:37:00,123.91
831,9,,,pending,2025-11-18T17:10:00,2025-11-18T20:17:00,16.85
832,4,,,pending,2025-11-15T10:05:00,2025-11-15T11:30:00,158.14
833,6,,,pending,2025-11-21T14:37:00,2025-11-21T15:43:00,108.37
834,2,,,pending,2025-11-16T16:18:00,2025-11-16T19:38:00,167.66
835,10,,,pending,2025-11-20T13:52:00,2025-11-20T15:17:00,53.0
836,4,,,pending,2025-11-22T14:36:00,2025-11-22T14:52:00,59.61
837,7,,,pending,2025-11-23T09:35:00,2025-11-23T10:08:00,105.6
838,6,,,pending,2025-11-16T19:00:00,2025-11-16T20:20:00,176.46
839,10,,,pending,2025-11-19T19:28:00,2025-11-19T21:19:00,117.0
840,4,,,pending,2025-11-20T19:00:00,2025-11-20T22:09:00,97.54
841,10,,,pending,2025-11-15T15:07:00,2025-11-15T16:28:00,22.84
842,4,,,pending,2025-11-18T19:00:00,2025-11-18T21:00:00,191.53
843,9,,,pending,2025-11-23T08:44:00,2025-11-23T12:32:00,60.04
844,5,,,pending,2025-11-16T14:43:00,2025-11-16T18:09:00,166.0
845,2,,,pending,2025-11-23T10:30:00,2025-11-23T12:05:00,77.17
846,10,,,pending,2025-11-19T10:47:00,2025-11-19T13:56:00,186.75
847,4,,,pending,2025-11-22T19:12:00,2025-11-22T20:27:00,149.73
848,5,,,pending,2025-11-18T11:12:00,2025-11-18T15:00:00,57.44
849,10,,,pending,2025-11-20T10:49:00,2025-11-20T11:31:00,32.78
850,2,,,pending,2025-11-22T17:00:00,2025-11-22T20:30:00,172.85
851,1,,,pending,2025-11-22T13:39:00,2025-11-22T15:14:00,103.54
852,10,,,pending,2025-11-19T15:11:00,2025-11-19T18:41:00,184.04
853,5,,,pending,2025-11-21T11:48:00,2025-11-21T14:30:00,34.37
854,9,,,pending,2025-11-21T15:34:00,2025-11-21T15:57:00,105.47
855,7,,,pending,2025-11-17T15:07:00,2025-11-17T18:20:00,108.46
856,6,,,pending,2025-11-15T08:43:00,2025-11-15T09:51:00,82.09
857,2,,,pending,2025-11-20T13:39:00,2025-11-20T17:34:00,59.34
858,9,,,pending,2025-11-19T11:17:00,2025-11-19T13:32:00,192.12
859,6,,,pending,2025-11-20T10:31:00,2025-11-20T12:34:00,50.0
860,6,,,pending,2025-11-20T14:17:00,2025-11-20T16:27:00,44.18
861,3,,,pending,2025-11-24T18:14:00,2025-11-24T21:57:00,28.98
862,5,,,pending,2025-11-18T16:27:00,2025-11-18T20:21:00,82.37
863,3,,,pending,2025-11-17T15:51:00,2025-11-17T16:08:00,43.56
864,8,,,pending,2025-11-17T18:33:00,2025-11-17T21:04:00,146.91
865,8,,,pending,2025-11-19T12:35:00,2025-11-19T16:29:00,117.89
866,7,,,pending,2025-11-16T19:10:00,2025-11-16T19:40:00,50.94
867,5,,,pending,2025-11-22T18:06:00,2025-11-22T20:16:00,151.47
868,5,,,pending,2025-11-20T13:35:00,2025-11-20T16:12:00,187.05
869,5,,,pending,2025-11-20T08:26:00,2025-11-20T09:12:00,76.71
870,10,,,pending,2025-11-18T17:36:00,2025-11-18T20:37:00,133.33
871,3,,,pending,2025-11-19T13:20:00,2025-11-19T16:27:00,106.98
872,8,,,pending,2025-11-16T14:39:00,2025-11-16T16:07:00,98.11
873,3,,,pending,2025-11-17T18:51:00,2025-11-17T20:32:00,90.15
874,10,,,pending,2025-11-24T14:54:00,2025-11-24T15:27:00,25.03
875,6,,,pending,2025-11-18T13:20:00,2025-11-18T16:22:00,65.36
876,5,,,pending,2025-11-24T18:25:00,2025-11-24T19:49:00,178.66
877,6,,,pending,2025-11-24T16:28:00,2025-11-24T18:28:00,41.79
878,1,,,pending,2025-11-17T19:15:00,2025-11-17T22:19:00,57.81
879,2,,,pending,2025-11-18T10:25:00,2025-11-18T11:06:00,28.16
880,8,,,pending,2025-11-23T08:01:00,2025-11-23T11:33:00,85.43
881,2,,,pending,2025-11-16T12:39:00,2025-11-16T13:33:00,26.02
882,7,,,pending,2025-11-19T11:15:00,2025-11-19T14:38:00,63.99
883,3,,,pending,2025-11-17T16:53:00,2025-11-17T17:51:00,15.43
884,6,,,pending,2025-11-20T15:29:00,2025-11-20T19:26:00,112.71
885,5,,,pending,2025-11-23T15:08:00,2025-11-23T18:21:00,112.46
886,10,,,pending,2025-11-24T15:40:00,2025-11-24T19:06:00,130.81
887,10,,,pending,2025-11-21T16:40:00,2025-11-21T19:38:00,111.42
888,6,,,pending,2025-11-22T16:14:00,2025-11-22T19:55:00,27.02
889,5,,,pending,2025-11-20T14:16:00,2025-11-20T15:10:00,67.68
890,1,,,pending,2025-11-23T19:00:00,2025-11-23T19:49:00,75.34
891,8,,,pending,2025-11-23T08:44:00,2025-11-23T11:04:00,189.92
892,8,,,pending,2025-11-19T08:49:00,2025-11-19T10:54:00,161.61
893,10,,,pending,2025-11-18T19:00:00,2025-11-18T21:35:00,80.99
894,7,,,pending,2025-11-23T14:25:00,2025-11-23T15:43:00,41.02
895,7,,,pending,2025-11-21T11:16:00,2025-11-21T11:51:00,90.23
896,4,,,pending,2025-11-23T19:00:00,2025-11-23T21:51:00,163.44
897,5,,,pending,2025-11-19T18:47:00,2025-11-19T21:18:00,163.67
898,7,,,pending,2025-11-18T09:11:00,2025-11-18T10:00:00,65.02
899,8,,,pending,2025-11-24T15:17:00,2025-11-24T18:31:00,128.32
900,4,,,pending,2025-11-20T08:09:00,2025-11-20T08:36:00,194.25
901,1,,,pending,2025-11-17T09:18:00,2025-11-17T10:41:00,33.76
902,8,,,pending,2025-11-15T11:05:00,2025-11-15T11:58:00,12.8
903,4,,,pending,2025-11-20T14:19:00,2025-11-20T17:55:00,161.9
904,6,,,pending,2025-11-22T19:50:00,2025-11-22T20:13:00,72.75
905,3,,,pending,2025-11-15T12:49:00,2025-11-15T14:44:00,23.56
906,8,,,pending,2025-11-17T11:57:00,2025-11-17T15:47:00,57.52
907,7,,,pending,2025-11-15T09:49:00,2025-11-15T13:06:00,57.3
908,8,,,pending,2025-11-18T19:02:00,2025-11-18T20:07:00,97.56
909,2,,,pending,2025-11-23T18:13:00,2025-11-23T20:29:00,83.93
910,5,,,pending,2025-11-20T10:40:00,2025-11-20T14:01:00,18.02
911,9,,,pending,2025-11-23T09:16:00,2025-11-23T11:34:00,131.32
912,4,,,pending,2025-11-20T08:55:00,2025-11-20T12:00:00,51.38
913,2,,,pending,2025-11-18T18:27:00,2025-11-18T20:05:00,12.86
914,5,,,pending,2025-11-24T09:25:00,2025-11-24T13:02:00,56.19
915,1,,,pending,2025-11-24T19:00:00,2025-11-24T21:16:00,140.8
916,3,,,pending,2025-11-20T19:00:00,2025-11-20T20:18:00,39.96
917,2,,,pending,2025-11-24T13:59:00,2025-11-24T17:28:00,128.78
918,1,,,pending,2025-11-20T18:09:00,2025-11-20T21:23:00,111.91
919,2,,,pending,2025-11-17T15:14:00,2025-11-17T16:50:00,196.52
920,6,,,pending,2025-11-22T19:12:00,2025-11-22T19:32:00,140.96
921,6,,,pending,2025-11-17T12:57:00,2025-11-17T13:22:00,102.21
922,8,,,pending,2025-11-23T12:34:00,2025-11-23T15:47:00,103.12
923,10,,,pending,2025-11-17T16:22:00,2025-11-17T17:59:00,149.16
924,5,,,pending,2025-11-24T16:10:00,2025-11-24T16:42:00,110.92
925,8,,,pending,2025-11-19T12:34:00,2025-11-19T14:22:00,96.28
926,9,,,pending,2025-11-21T19:11:00,2025-11-21T19:30:00,127.75
927,6,,,pending,2025-11-24T11:20:00,2025-11-24T14:39:00,22.03
928,9,,,pending,2025-11-21T11:33:00,2025-11-21T14:42:00,104.53
929,9,,,pending,2025-11-17T17:18:00,2025-11-17T18:55:00,87.86
930,6,,,pending,2025-11-16T09:33:00,2025-11-16T12:36:00,22.67
931,3,,,pending,2025-11-17T08:12:00,2025-11-17T08:54:00,102.22
932,2,,,pending,2025-11-15T17:41:00,2025-11-15T21:30:00,83.83
933,8,,,pending,2025-11-23T17:44:00,2025-11-23T20:30:00,58.63
934,6,,,pending,2025-11-18T17:45:00,2025-11-18T18:18:00,12.49
935,4,,,pending,2025-11-22T09:29:00,2025-11-22T13:09:00,131.39
936,6,,,pending,2025-11-23T19:56:00,2025-11-23T21:57:00,166.19
937,1,,,pending,2025-11-24T12:33:00,2025-11-24T12:58:00,149.52
938,5,,,pending,2025-11-16T11:33:00,2025-11-16T12:12:00,29.23
939,4,,,pending,2025-11-23T14:12:00,2025-11-23T15:16:00,109.98
940,4,,,pending,2025-11-24T18:11:00,2025-11-24T20:48:00,152.35
941,7,,,pending,2025-11-16T19:00:00,2025-11-16T21:42:00,78.01
942,8,,,pending,2025-11-21T09:10:00,2025-11-21T12:47:00,44.28
943,7,,,pending,2025-11-23T13:42:00,2025-11-23T14:37:00,111.44
944,10,,,pending,2025-11-22T13:57:00,2025-11-22T15:32:00,114.52
945,6,,,pending,2025-11-20T14:48:00,2025-11-20T17:45:00,91.81
946,6,,,pending,2025-11-24T11:36:00,2025-11-24T14:10:00,50.65
947,9,,,pending,2025-11-19T13:28:00,2025-11-19T15:37:00,192.37
948,1,,,pending,2025-11-15T12:38:00,2025-11-15T12:57:00,108.35
949,5,,,pending,2025-11-15T12:14:00,2025-11-15T13:23:00,172.59
950,1,,,pending,2025-11-19T16:32:00,2025-11-19T19:09:00,118.43
951,10,,,pending,2025-11-17T09:02:00,2025-11-17T11:14:00,77.57
952,3,,,pending,2025-11-19T13:56:00,2025-11-19T16:40:00,57.47
953,5,,,pending,2025-11-19T09:36:00,2025-11-19T11:33:00,118.12
954,4,,,pending,2025-11-16T19:20:00,2025-11-16T22:57:00,101.68
955,8,,,pending,2025-11-24T09:38:00,2025-11-24T12:37:00,67.07
956,10,,,pending,2025-11-21T09:49:00,2025-11-21T10:18:00,185.16
957,6,,,pending,2025-11-20T14:26:00,2025-11-20T18:23:00,32.9
958,4,,,pending,2025-11-24T08:40:00,2025-11-24T12:14:00,130.12
959,1,,,pending,2025-11-19T16:02:00,2025-11-19T17:38:00,112.59
960,3,,,pending,2025-11-20T16:44:00,2025-11-20T17:55:00,39.11
961,7,,,pending,2025-11-22T19:00:00,2025-11-22T21:42:00,105.9
962,4,,,pending,2025-11-21T12:50:00,2025-11-21T14:45:00,38.12
963,6,,,pending,2025-11-16T15:36:00,2025-11-16T19:01:00,19.37
964,7,,,pending,2025-11-19T09:25:00,2025-11-19T11:48:00,92.55
965,3,,,pending,2025-11-17T15:35:00,2025-11-17T16:40:00,102.69
966,10,,,pending,2025-11-18T16:39:00,2025-11-18T20:02:00,109.61
967,4,,,pending,2025-11-16T12:49:00,2025-11-16T14:54:00,71.45
968,10,,,pending,2025-11-16T09:42:00,2025-11-16T11:42:00,90.47
969,6,,,pending,2025-11-18T13:22:00,2025-11-18T16:09:00,134.53
970,5,,,pending,2025-11-17T13:39:00,2025-11-17T17:24:00,198.13
971,8,,,pending,2025-11-24T10:28:00,2025-11-24T10:54:00,185.6
972,4,,,pending,2025-11-18T18:23:00,2025-11-18T19:17:00,153.97
973,2,,,pending,2025-11-16T19:03:00,2025-11-16T20:20:00,190.3
974,3,,,pending,2025-11-19T08:21:00,2025-11-19T11:33:00,162.81
975,5,,,pending,2025-11-22T15:01:00,2025-11-22T16:40:00,49.71
976,9,,,pending,2025-11-18T11:34:00,2025-11-18T14:02:00,152.57
977,9,,,pending,2025-11-22T17:46:00,2025-11-22T18:37:00,142.06
978,1,,,pending,2025-11-21T17:57:00,2025-11-21T21:01:00,110.09
979,5,,,pending,2025-11-17T08:18:00,2025-11-17T09:24:00,159.95
980,10,,,pending,2025-11-19T08:29:00,2025-11-19T11:31:00,189.58
981,2,,,pending,2025-11-21T18:17:00,2025-11-21T21:21:00,171.9
982,6,,,pending,2025-11-16T08:18:00,2025-11-16T12:15:00,177.85
983,7,,,pending,2025-11-18T14:32:00,2025-11-18T17:48:00,28.92
984,6,,,pending,2025-11-22T17:34:00,2025-11-22T18:11:00,45.42
985,9,,,pending,2025-11-22T16:59:00,2025-11-22T20:16:00,14.08
986,4,,,pending,2025-11-23T12:21:00,2025-11-23T14:41:00,84.75
987,3,,,pending,2025-11-15T13:43:00,2025-11-15T15:28:00,77.52
988,5,,,pending,2025-11-18T16:17:00,2025-11-18T19:59:00,21.78
989,5,,,pending,2025-11-21T08:35:00,2025-11-21T10:01:00,52.86
990,6,,,pending,2025-11-21T18:08:00,2025-11-21T18:45:00,148.68
991,9,,,pending,2025-11-24T18:43:00,2025-11-24T19:56:00,89.29
992,10,,,pending,2025-11-17T14:19:00,2025-11-17T17:08:00,72.56
993,9,,,pending,2025-11-17T11:41:00,2025-11-17T12:31:00,120.4
994,4,,,pending,2025-11-17T12:44:00,2025-11-17T15:59:00,180.74
995,3,,,pending,2025-11-21T19:00:00,2025-11-21T22:02:00,187.28
996,3,,,pending,2025-11-20T09:35:00,2025-11-20T12:06:00,190.23
997,2,,,pending,2025-11-17T13:53:00,2025-11-17T17:53:00,37.65
998,1,,,pending,2025-11-20T14:26:00,2025-11-20T15:58:00,94.17
999,5,,,pending,2025-11-17T19:00:00,2025-11-17T19:42:00,34.99
1000,1,,,pending,2025-11-24T17:17:00,2025-11-24T20:07:00,117.74
